STRUCTURE,STRUCTURE_ID,STRUCTURE_NAME,ACTION,FREQ,Frequency of observation,ADJUSTMENT,Adjustment,REF_AREA,Reference area,SECTOR,Institutional sector,COUNTERPART_SECTOR,Counterpart institutional sector,TRANSACTION,Transaction,INSTR_ASSET,Financial instruments and non-financial assets,ACTIVITY,Economic activity,EXPENDITURE,Expenditure,UNIT_MEASURE,Unit of measure,PRICE_BASE,Price base,TRANSFORMATION,Transformation,TABLE_IDENTIFIER,Table identifier,TIME_PERIOD,Time period,OBS_VALUE,Observation value,REF_YEAR_PRICE,Price reference year,BASE_PER,Base period,CONF_STATUS,Confidentiality status,DECIMALS,Decimals,OBS_STATUS,Observation status,UNIT_MULT,Unit multiplier,CURRENCY,Currency
DATAFLOW,OECD.SDD.NAD:DSD_NAMAIN1@DF_QNA_EXPENDITURE_GROWTH_OECD(1.1),Quarterly real GDP growth - OECD countries,I,Q,Quarterly,Y,Calendar and seasonally adjusted,OECD,OECD,S1,Total economy,S1,Total economy,B1GQ,Gross domestic product,_Z,Not applicable,_Z,Not applicable,_Z,Not applicable,PC,Percentage change,L,Chain linked volume,G1,"Growth rate, period on period",T0102,Table 0102 - GDP identity from the expenditure side,2024-Q4,,0.442691786,,,,,,F,Free (free for publication),1,One,A,Normal value,0,Units,_Z,Not applicable
DATAFLOW,OECD.SDD.NAD:DSD_NAMAIN1@DF_QNA_EXPENDITURE_GROWTH_OECD(1.1),Quarterly real GDP growth - OECD countries,I,Q,Quarterly,Y,Calendar and seasonally adjusted,G7,G7,S1,Total economy,S1,Total economy,B1GQ,Gross domestic product,_Z,Not applicable,_Z,Not applicable,_Z,Not applicable,PC,Percentage change,L,Chain linked volume,G1,"Growth rate, period on period",T0102,Table 0102 - GDP identity from the expenditure side,2025-Q3,,0.572083,,,,,,F,Free (free for publication),1,One,A,Normal value,0,Units,_Z,Not applicable
DATAFLOW,OECD.SDD.NAD:DSD_NAMAIN1@DF_QNA_EXPENDITURE_GROWTH_OECD(1.1),Quarterly real GDP growth - OECD countries,I,Q,Quarterly,Y,Calendar and seasonally adjusted,GBR,United Kingdom,S1,Total economy,S1,Total economy,B1GQ,Gross domestic product,_Z,Not applicable,_Z,Not applicable,_Z,Not applicable,PC,Percentage change,L,Chain linked volume,G1,"Growth rate, period on period",T0102,Table 0102 - GDP identity from the expenditure side,2025-Q1,,0.577965236,,,,,,F,Free (free for publication),1,One,A,Normal value,0,Units,_Z,Not applicable
DATAFLOW,OECD.SDD.NAD:DSD_NAMAIN1@DF_QNA_EXPENDITURE_GROWTH_OECD(1.1),Quarterly real GDP growth - OECD countries,I,Q,Quarterly,Y,Calendar and seasonally adjusted,GBR,United Kingdom,S1,Total economy,S1,Total economy,B1GQ,Gross domestic product,_Z,Not applicable,_Z,Not applicable,_Z,Not applicable,PC,Percentage change,L,Chain linked volume,G1,"Growth rate, period on period",T0102,Table 0102 - GDP identity from the expenditure side,2024-Q4,,0.430059338,,,,,,F,Free (free for publication),1,One,A,Normal value,0,Units,_Z,Not applicable
DATAFLOW,OECD.SDD.NAD:DSD_NAMAIN1@DF_QNA_EXPENDITURE_GROWTH_OECD(1.1),Quarterly real GDP growth - OECD countries,I,Q,Quarterly,Y,Calendar and seasonally adjusted,OECD,OECD,S1,Total economy,S1,Total economy,B1GQ,Gross domestic product,_Z,Not applicable,_Z,Not applicable,_Z,Not applicable,PC,Percentage change,L,Chain linked volume,G1,"Growth rate, period on period",T0102,Table 0102 - GDP identity from the expenditure side,2026-Q1,,0.4,,,,,,F,Free (free for publication),1,One,A,Normal value,0,Units,_Z,Not applicable
DATAFLOW,OECD.SDD.NAD:DSD_NAMAIN1@DF_QNA_EXPENDITURE_GROWTH_OECD(1.1),Quarterly real GDP growth - OECD countries,I,Q,Quarterly,Y,Calendar and seasonally adjusted,EU,European Union,S1,Total economy,S1,Total economy,B1GQ,Gross domestic product,_Z,Not applicable,_Z,Not applicable,_Z,Not applicable,PC,Percentage change,L,Chain linked volume,G1,"Growth rate, period on period",T0102,Table 0102 - GDP identity from the expenditure side,2025-Q3,,0.399694,,,,,,F,Free (free for publication),1,One,A,Normal value,0,Units,_Z,Not applicable
DATAFLOW,OECD.SDD.NAD:DSD_NAMAIN1@DF_QNA_EXPENDITURE_GROWTH_OECD(1.1),Quarterly real GDP growth - OECD countries,I,Q,Quarterly,Y,Calendar and seasonally adjusted,EU,European Union,S1,Total economy,S1,Total economy,B1GQ,Gross domestic product,_Z,Not applicable,_Z,Not applicable,_Z,Not applicable,PC,Percentage change,L,Chain linked volume,G1,"Growth rate, period on period",T0102,Table 0102 - GDP identity from the expenditure side,2025-Q2,,0.259121,,,,,,F,Free (free for publication),1,One,A,Normal value,0,Units,_Z,Not applicable
DATAFLOW,OECD.SDD.NAD:DSD_NAMAIN1@DF_QNA_EXPENDITURE_GROWTH_OECD(1.1),Quarterly real GDP growth - OECD countries,I,Q,Quarterly,Y,Calendar and seasonally adjusted,GBR,United Kingdom,S1,Total economy,S1,Total economy,B1GQ,Gross domestic product,_Z,Not applicable,_Z,Not applicable,_Z,Not applicable,PC,Percentage change,L,Chain linked volume,G1,"Growth rate, period on period",T0102,Table 0102 - GDP identity from the expenditure side,2024-Q1,,0.725903843,,,,,,F,Free (free for publication),1,One,A,Normal value,0,Units,_Z,Not applicable
DATAFLOW,OECD.SDD.NAD:DSD_NAMAIN1@DF_QNA_EXPENDITURE_GROWTH_OECD(1.1),Quarterly real GDP growth - OECD countries,I,Q,Quarterly,Y,Calendar and seasonally adjusted,DEU,Germany,S1,Total economy,S1,Total economy,B1GQ,Gross domestic product,_Z,Not applicable,_Z,Not applicable,_Z,Not applicable,PC,Percentage change,L,Chain linked volume,G1,"Growth rate, period on period",T0102,Table 0102 - GDP identity from the expenditure side,2026-Q1,,0.343254083,,,,,,F,Free (free for publication),1,One,P,Provisional value,0,Units,_Z,Not applicable
DATAFLOW,OECD.SDD.NAD:DSD_NAMAIN1@DF_QNA_EXPENDITURE_GROWTH_OECD(1.1),Quarterly real GDP growth - OECD countries,I,Q,Quarterly,Y,Calendar and seasonally adjusted,CAN,Canada,S1,Total economy,S1,Total economy,B1GQ,Gross domestic product,_Z,Not applicable,_Z,Not applicable,_Z,Not applicable,PC,Percentage change,L,Chain linked volume,G1,"Growth rate, period on period",T0102,Table 0102 - GDP identity from the expenditure side,2024-Q1,,0.728641975,,,,,,F,Free (free for publication),1,One,A,Normal value,0,Units,_Z,Not applicable
DATAFLOW,OECD.SDD.NAD:DSD_NAMAIN1@DF_QNA_EXPENDITURE_GROWTH_OECD(1.1),Quarterly real GDP growth - OECD countries,I,Q,Quarterly,Y,Calendar and seasonally adjusted,JPN,Japan,S1,Total economy,S1,Total economy,B1GQ,Gross domestic product,_Z,Not applicable,_Z,Not applicable,_Z,Not applicable,PC,Percentage change,L,Chain linked volume,G1,"Growth rate, period on period",T0102,Table 0102 - GDP identity from the expenditure side,2024-Q4,,0.381981981,,,,,,F,Free (free for publication),1,One,A,Normal value,0,Units,_Z,Not applicable
DATAFLOW,OECD.SDD.NAD:DSD_NAMAIN1@DF_QNA_EXPENDITURE_GROWTH_OECD(1.1),Quarterly real GDP growth - OECD countries,I,Q,Quarterly,Y,Calendar and seasonally adjusted,JPN,Japan,S1,Total economy,S1,Total economy,B1GQ,Gross domestic product,_Z,Not applicable,_Z,Not applicable,_Z,Not applicable,PC,Percentage change,L,Chain linked volume,G1,"Growth rate, period on period",T0102,Table 0102 - GDP identity from the expenditure side,2024-Q3,,0.664078027,,,,,,F,Free (free for publication),1,One,A,Normal value,0,Units,_Z,Not applicable
DATAFLOW,OECD.SDD.NAD:DSD_NAMAIN1@DF_QNA_EXPENDITURE_GROWTH_OECD(1.1),Quarterly real GDP growth - OECD countries,I,Q,Quarterly,Y,Calendar and seasonally adjusted,G7,G7,S1,Total economy,S1,Total economy,B1GQ,Gross domestic product,_Z,Not applicable,_Z,Not applicable,_Z,Not applicable,PC,Percentage change,L,Chain linked volume,G1,"Growth rate, period on period",T0102,Table 0102 - GDP identity from the expenditure side,2024-Q3,,0.579294,,,,,,F,Free (free for publication),1,One,A,Normal value,0,Units,_Z,Not applicable
DATAFLOW,OECD.SDD.NAD:DSD_NAMAIN1@DF_QNA_EXPENDITURE_GROWTH_OECD(1.1),Quarterly real GDP growth - OECD countries,I,Q,Quarterly,Y,Calendar and seasonally adjusted,G7,G7,S1,Total economy,S1,Total economy,B1GQ,Gross domestic product,_Z,Not applicable,_Z,Not applicable,_Z,Not applicable,PC,Percentage change,L,Chain linked volume,G1,"Growth rate, period on period",T0102,Table 0102 - GDP identity from the expenditure side,2024-Q2,,0.541003,,,,,,F,Free (free for publication),1,One,A,Normal value,0,Units,_Z,Not applicable
DATAFLOW,OECD.SDD.NAD:DSD_NAMAIN1@DF_QNA_EXPENDITURE_GROWTH_OECD(1.1),Quarterly real GDP growth - OECD countries,I,Q,Quarterly,Y,Calendar and seasonally adjusted,G7,G7,S1,Total economy,S1,Total economy,B1GQ,Gross domestic product,_Z,Not applicable,_Z,Not applicable,_Z,Not applicable,PC,Percentage change,L,Chain linked volume,G1,"Growth rate, period on period",T0102,Table 0102 - GDP identity from the expenditure side,2024-Q1,,0.160104,,,,,,F,Free (free for publication),1,One,A,Normal value,0,Units,_Z,Not applicable
DATAFLOW,OECD.SDD.NAD:DSD_NAMAIN1@DF_QNA_EXPENDITURE_GROWTH_OECD(1.1),Quarterly real GDP growth - OECD countries,I,Q,Quarterly,Y,Calendar and seasonally adjusted,EA,Euro area,S1,Total economy,S1,Total economy,B1GQ,Gross domestic product,_Z,Not applicable,_Z,Not applicable,_Z,Not applicable,PC,Percentage change,L,Chain linked volume,G1,"Growth rate, period on period",T0102,Table 0102 - GDP identity from the expenditure side,2026-Q1,,0.143733,,,,,,F,Free (free for publication),1,One,A,Normal value,0,Units,_Z,Not applicable
DATAFLOW,OECD.SDD.NAD:DSD_NAMAIN1@DF_QNA_EXPENDITURE_GROWTH_OECD(1.1),Quarterly real GDP growth - OECD countries,I,Q,Quarterly,Y,Calendar and seasonally adjusted,EA,Euro area,S1,Total economy,S1,Total economy,B1GQ,Gross domestic product,_Z,Not applicable,_Z,Not applicable,_Z,Not applicable,PC,Percentage change,L,Chain linked volume,G1,"Growth rate, period on period",T0102,Table 0102 - GDP identity from the expenditure side,2025-Q4,,0.199426,,,,,,F,Free (free for publication),1,One,A,Normal value,0,Units,_Z,Not applicable
DATAFLOW,OECD.SDD.NAD:DSD_NAMAIN1@DF_QNA_EXPENDITURE_GROWTH_OECD(1.1),Quarterly real GDP growth - OECD countries,I,Q,Quarterly,Y,Calendar and seasonally adjusted,EA,Euro area,S1,Total economy,S1,Total economy,B1GQ,Gross domestic product,_Z,Not applicable,_Z,Not applicable,_Z,Not applicable,PC,Percentage change,L,Chain linked volume,G1,"Growth rate, period on period",T0102,Table 0102 - GDP identity from the expenditure side,2025-Q3,,0.29928,,,,,,F,Free (free for publication),1,One,A,Normal value,0,Units,_Z,Not applicable
DATAFLOW,OECD.SDD.NAD:DSD_NAMAIN1@DF_QNA_EXPENDITURE_GROWTH_OECD(1.1),Quarterly real GDP growth - OECD countries,I,Q,Quarterly,Y,Calendar and seasonally adjusted,EA,Euro area,S1,Total economy,S1,Total economy,B1GQ,Gross domestic product,_Z,Not applicable,_Z,Not applicable,_Z,Not applicable,PC,Percentage change,L,Chain linked volume,G1,"Growth rate, period on period",T0102,Table 0102 - GDP identity from the expenditure side,2025-Q2,,0.143858,,,,,,F,Free (free for publication),1,One,A,Normal value,0,Units,_Z,Not applicable
DATAFLOW,OECD.SDD.NAD:DSD_NAMAIN1@DF_QNA_EXPENDITURE_GROWTH_OECD(1.1),Quarterly real GDP growth - OECD countries,I,Q,Quarterly,Y,Calendar and seasonally adjusted,EA,Euro area,S1,Total economy,S1,Total economy,B1GQ,Gross domestic product,_Z,Not applicable,_Z,Not applicable,_Z,Not applicable,PC,Percentage change,L,Chain linked volume,G1,"Growth rate, period on period",T0102,Table 0102 - GDP identity from the expenditure side,2025-Q1,,0.593237,,,,,,F,Free (free for publication),1,One,A,Normal value,0,Units,_Z,Not applicable
DATAFLOW,OECD.SDD.NAD:DSD_NAMAIN1@DF_QNA_EXPENDITURE_GROWTH_OECD(1.1),Quarterly real GDP growth - OECD countries,I,Q,Quarterly,Y,Calendar and seasonally adjusted,EA,Euro area,S1,Total economy,S1,Total economy,B1GQ,Gross domestic product,_Z,Not applicable,_Z,Not applicable,_Z,Not applicable,PC,Percentage change,L,Chain linked volume,G1,"Growth rate, period on period",T0102,Table 0102 - GDP identity from the expenditure side,2024-Q4,,0.384424,,,,,,F,Free (free for publication),1,One,A,Normal value,0,Units,_Z,Not applicable
DATAFLOW,OECD.SDD.NAD:DSD_NAMAIN1@DF_QNA_EXPENDITURE_GROWTH_OECD(1.1),Quarterly real GDP growth - OECD countries,I,Q,Quarterly,Y,Calendar and seasonally adjusted,EA,Euro area,S1,Total economy,S1,Total economy,B1GQ,Gross domestic product,_Z,Not applicable,_Z,Not applicable,_Z,Not applicable,PC,Percentage change,L,Chain linked volume,G1,"Growth rate, period on period",T0102,Table 0102 - GDP identity from the expenditure side,2024-Q3,,0.443436,,,,,,F,Free (free for publication),1,One,A,Normal value,0,Units,_Z,Not applicable
DATAFLOW,OECD.SDD.NAD:DSD_NAMAIN1@DF_QNA_EXPENDITURE_GROWTH_OECD(1.1),Quarterly real GDP growth - OECD countries,I,Q,Quarterly,Y,Calendar and seasonally adjusted,EA,Euro area,S1,Total economy,S1,Total economy,B1GQ,Gross domestic product,_Z,Not applicable,_Z,Not applicable,_Z,Not applicable,PC,Percentage change,L,Chain linked volume,G1,"Growth rate, period on period",T0102,Table 0102 - GDP identity from the expenditure side,2024-Q2,,0.199904,,,,,,F,Free (free for publication),1,One,A,Normal value,0,Units,_Z,Not applicable
DATAFLOW,OECD.SDD.NAD:DSD_NAMAIN1@DF_QNA_EXPENDITURE_GROWTH_OECD(1.1),Quarterly real GDP growth - OECD countries,I,Q,Quarterly,Y,Calendar and seasonally adjusted,EA,Euro area,S1,Total economy,S1,Total economy,B1GQ,Gross domestic product,_Z,Not applicable,_Z,Not applicable,_Z,Not applicable,PC,Percentage change,L,Chain linked volume,G1,"Growth rate, period on period",T0102,Table 0102 - GDP identity from the expenditure side,2024-Q1,,0.289908,,,,,,F,Free (free for publication),1,One,A,Normal value,0,Units,_Z,Not applicable
DATAFLOW,OECD.SDD.NAD:DSD_NAMAIN1@DF_QNA_EXPENDITURE_GROWTH_OECD(1.1),Quarterly real GDP growth - OECD countries,I,Q,Quarterly,Y,Calendar and seasonally adjusted,JPN,Japan,S1,Total economy,S1,Total economy,B1GQ,Gross domestic product,_Z,Not applicable,_Z,Not applicable,_Z,Not applicable,PC,Percentage change,L,Chain linked volume,G1,"Growth rate, period on period",T0102,Table 0102 - GDP identity from the expenditure side,2026-Q1,,0.51128094,,,,,,F,Free (free for publication),1,One,A,Normal value,0,Units,_Z,Not applicable
DATAFLOW,OECD.SDD.NAD:DSD_NAMAIN1@DF_QNA_EXPENDITURE_GROWTH_OECD(1.1),Quarterly real GDP growth - OECD countries,I,Q,Quarterly,Y,Calendar and seasonally adjusted,G7,G7,S1,Total economy,S1,Total economy,B1GQ,Gross domestic product,_Z,Not applicable,_Z,Not applicable,_Z,Not applicable,PC,Percentage change,L,Chain linked volume,G1,"Growth rate, period on period",T0102,Table 0102 - GDP identity from the expenditure side,2025-Q2,,0.530822,,,,,,F,Free (free for publication),1,One,A,Normal value,0,Units,_Z,Not applicable
DATAFLOW,OECD.SDD.NAD:DSD_NAMAIN1@DF_QNA_EXPENDITURE_GROWTH_OECD(1.1),Quarterly real GDP growth - OECD countries,I,Q,Quarterly,Y,Calendar and seasonally adjusted,G7,G7,S1,Total economy,S1,Total economy,B1GQ,Gross domestic product,_Z,Not applicable,_Z,Not applicable,_Z,Not applicable,PC,Percentage change,L,Chain linked volume,G1,"Growth rate, period on period",T0102,Table 0102 - GDP identity from the expenditure side,2025-Q1,,0.109356,,,,,,F,Free (free for publication),1,One,A,Normal value,0,Units,_Z,Not applicable
DATAFLOW,OECD.SDD.NAD:DSD_NAMAIN1@DF_QNA_EXPENDITURE_GROWTH_OECD(1.1),Quarterly real GDP growth - OECD countries,I,Q,Quarterly,Y,Calendar and seasonally adjusted,G7,G7,S1,Total economy,S1,Total economy,B1GQ,Gross domestic product,_Z,Not applicable,_Z,Not applicable,_Z,Not applicable,PC,Percentage change,L,Chain linked volume,G1,"Growth rate, period on period",T0102,Table 0102 - GDP identity from the expenditure side,2024-Q4,,0.36876,,,,,,F,Free (free for publication),1,One,A,Normal value,0,Units,_Z,Not applicable
DATAFLOW,OECD.SDD.NAD:DSD_NAMAIN1@DF_QNA_EXPENDITURE_GROWTH_OECD(1.1),Quarterly real GDP growth - OECD countries,I,Q,Quarterly,Y,Calendar and seasonally adjusted,JPN,Japan,S1,Total economy,S1,Total economy,B1GQ,Gross domestic product,_Z,Not applicable,_Z,Not applicable,_Z,Not applicable,PC,Percentage change,L,Chain linked volume,G1,"Growth rate, period on period",T0102,Table 0102 - GDP identity from the expenditure side,2025-Q1,,0.438402056,,,,,,F,Free (free for publication),1,One,A,Normal value,0,Units,_Z,Not applicable
DATAFLOW,OECD.SDD.NAD:DSD_NAMAIN1@DF_QNA_EXPENDITURE_GROWTH_OECD(1.1),Quarterly real GDP growth - OECD countries,I,Q,Quarterly,Y,Calendar and seasonally adjusted,OECD,OECD,S1,Total economy,S1,Total economy,B1GQ,Gross domestic product,_Z,Not applicable,_Z,Not applicable,_Z,Not applicable,PC,Percentage change,L,Chain linked volume,G1,"Growth rate, period on period",T0102,Table 0102 - GDP identity from the expenditure side,2024-Q1,,0.358392078,,,,,,F,Free (free for publication),1,One,A,Normal value,0,Units,_Z,Not applicable
DATAFLOW,OECD.SDD.NAD:DSD_NAMAIN1@DF_QNA_EXPENDITURE_GROWTH_OECD(1.1),Quarterly real GDP growth - OECD countries,I,Q,Quarterly,Y,Calendar and seasonally adjusted,CAN,Canada,S1,Total economy,S1,Total economy,B1GQ,Gross domestic product,_Z,Not applicable,_Z,Not applicable,_Z,Not applicable,PC,Percentage change,L,Chain linked volume,G1,"Growth rate, period on period",T0102,Table 0102 - GDP identity from the expenditure side,2025-Q4,,-0.151438969,,,,,,F,Free (free for publication),1,One,A,Normal value,0,Units,_Z,Not applicable
DATAFLOW,OECD.SDD.NAD:DSD_NAMAIN1@DF_QNA_EXPENDITURE_GROWTH_OECD(1.1),Quarterly real GDP growth - OECD countries,I,Q,Quarterly,Y,Calendar and seasonally adjusted,CAN,Canada,S1,Total economy,S1,Total economy,B1GQ,Gross domestic product,_Z,Not applicable,_Z,Not applicable,_Z,Not applicable,PC,Percentage change,L,Chain linked volume,G1,"Growth rate, period on period",T0102,Table 0102 - GDP identity from the expenditure side,2025-Q3,,0.591153056,,,,,,F,Free (free for publication),1,One,A,Normal value,0,Units,_Z,Not applicable
DATAFLOW,OECD.SDD.NAD:DSD_NAMAIN1@DF_QNA_EXPENDITURE_GROWTH_OECD(1.1),Quarterly real GDP growth - OECD countries,I,Q,Quarterly,Y,Calendar and seasonally adjusted,CAN,Canada,S1,Total economy,S1,Total economy,B1GQ,Gross domestic product,_Z,Not applicable,_Z,Not applicable,_Z,Not applicable,PC,Percentage change,L,Chain linked volume,G1,"Growth rate, period on period",T0102,Table 0102 - GDP identity from the expenditure side,2025-Q2,,-0.235112354,,,,,,F,Free (free for publication),1,One,A,Normal value,0,Units,_Z,Not applicable
DATAFLOW,OECD.SDD.NAD:DSD_NAMAIN1@DF_QNA_EXPENDITURE_GROWTH_OECD(1.1),Quarterly real GDP growth - OECD countries,I,Q,Quarterly,Y,Calendar and seasonally adjusted,DEU,Germany,S1,Total economy,S1,Total economy,B1GQ,Gross domestic product,_Z,Not applicable,_Z,Not applicable,_Z,Not applicable,PC,Percentage change,L,Chain linked volume,G1,"Growth rate, period on period",T0102,Table 0102 - GDP identity from the expenditure side,2025-Q3,,-0.0382118,,,,,,F,Free (free for publication),1,One,P,Provisional value,0,Units,_Z,Not applicable
DATAFLOW,OECD.SDD.NAD:DSD_NAMAIN1@DF_QNA_EXPENDITURE_GROWTH_OECD(1.1),Quarterly real GDP growth - OECD countries,I,Q,Quarterly,Y,Calendar and seasonally adjusted,DEU,Germany,S1,Total economy,S1,Total economy,B1GQ,Gross domestic product,_Z,Not applicable,_Z,Not applicable,_Z,Not applicable,PC,Percentage change,L,Chain linked volume,G1,"Growth rate, period on period",T0102,Table 0102 - GDP identity from the expenditure side,2024-Q4,,0.182171054,,,,,,F,Free (free for publication),1,One,P,Provisional value,0,Units,_Z,Not applicable
DATAFLOW,OECD.SDD.NAD:DSD_NAMAIN1@DF_QNA_EXPENDITURE_GROWTH_OECD(1.1),Quarterly real GDP growth - OECD countries,I,Q,Quarterly,Y,Calendar and seasonally adjusted,DEU,Germany,S1,Total economy,S1,Total economy,B1GQ,Gross domestic product,_Z,Not applicable,_Z,Not applicable,_Z,Not applicable,PC,Percentage change,L,Chain linked volume,G1,"Growth rate, period on period",T0102,Table 0102 - GDP identity from the expenditure side,2024-Q3,,0.019178466,,,,,,F,Free (free for publication),1,One,P,Provisional value,0,Units,_Z,Not applicable
DATAFLOW,OECD.SDD.NAD:DSD_NAMAIN1@DF_QNA_EXPENDITURE_GROWTH_OECD(1.1),Quarterly real GDP growth - OECD countries,I,Q,Quarterly,Y,Calendar and seasonally adjusted,OECD,OECD,S1,Total economy,S1,Total economy,B1GQ,Gross domestic product,_Z,Not applicable,_Z,Not applicable,_Z,Not applicable,PC,Percentage change,L,Chain linked volume,G1,"Growth rate, period on period",T0102,Table 0102 - GDP identity from the expenditure side,2024-Q3,,0.577186939,,,,,,F,Free (free for publication),1,One,A,Normal value,0,Units,_Z,Not applicable
DATAFLOW,OECD.SDD.NAD:DSD_NAMAIN1@DF_QNA_EXPENDITURE_GROWTH_OECD(1.1),Quarterly real GDP growth - OECD countries,I,Q,Quarterly,Y,Calendar and seasonally adjusted,OECD,OECD,S1,Total economy,S1,Total economy,B1GQ,Gross domestic product,_Z,Not applicable,_Z,Not applicable,_Z,Not applicable,PC,Percentage change,L,Chain linked volume,G1,"Growth rate, period on period",T0102,Table 0102 - GDP identity from the expenditure side,2024-Q2,,0.467999495,,,,,,F,Free (free for publication),1,One,A,Normal value,0,Units,_Z,Not applicable
DATAFLOW,OECD.SDD.NAD:DSD_NAMAIN1@DF_QNA_EXPENDITURE_GROWTH_OECD(1.1),Quarterly real GDP growth - OECD countries,I,Q,Quarterly,Y,Calendar and seasonally adjusted,USA,United States,S1,Total economy,S1,Total economy,B1GQ,Gross domestic product,_Z,Not applicable,_Z,Not applicable,_Z,Not applicable,PC,Percentage change,L,Chain linked volume,G1,"Growth rate, period on period",T0102,Table 0102 - GDP identity from the expenditure side,2025-Q1,,-0.162516404,,,,,,F,Free (free for publication),1,One,A,Normal value,0,Units,_Z,Not applicable
DATAFLOW,OECD.SDD.NAD:DSD_NAMAIN1@DF_QNA_EXPENDITURE_GROWTH_OECD(1.1),Quarterly real GDP growth - OECD countries,I,Q,Quarterly,Y,Calendar and seasonally adjusted,USA,United States,S1,Total economy,S1,Total economy,B1GQ,Gross domestic product,_Z,Not applicable,_Z,Not applicable,_Z,Not applicable,PC,Percentage change,L,Chain linked volume,G1,"Growth rate, period on period",T0102,Table 0102 - GDP identity from the expenditure side,2024-Q4,,0.459874686,,,,,,F,Free (free for publication),1,One,A,Normal value,0,Units,_Z,Not applicable
DATAFLOW,OECD.SDD.NAD:DSD_NAMAIN1@DF_QNA_EXPENDITURE_GROWTH_OECD(1.1),Quarterly real GDP growth - OECD countries,I,Q,Quarterly,Y,Calendar and seasonally adjusted,USA,United States,S1,Total economy,S1,Total economy,B1GQ,Gross domestic product,_Z,Not applicable,_Z,Not applicable,_Z,Not applicable,PC,Percentage change,L,Chain linked volume,G1,"Growth rate, period on period",T0102,Table 0102 - GDP identity from the expenditure side,2024-Q3,,0.824778022,,,,,,F,Free (free for publication),1,One,A,Normal value,0,Units,_Z,Not applicable
DATAFLOW,OECD.SDD.NAD:DSD_NAMAIN1@DF_QNA_EXPENDITURE_GROWTH_OECD(1.1),Quarterly real GDP growth - OECD countries,I,Q,Quarterly,Y,Calendar and seasonally adjusted,USA,United States,S1,Total economy,S1,Total economy,B1GQ,Gross domestic product,_Z,Not applicable,_Z,Not applicable,_Z,Not applicable,PC,Percentage change,L,Chain linked volume,G1,"Growth rate, period on period",T0102,Table 0102 - GDP identity from the expenditure side,2024-Q2,,0.885486294,,,,,,F,Free (free for publication),1,One,A,Normal value,0,Units,_Z,Not applicable
DATAFLOW,OECD.SDD.NAD:DSD_NAMAIN1@DF_QNA_EXPENDITURE_GROWTH_OECD(1.1),Quarterly real GDP growth - OECD countries,I,Q,Quarterly,Y,Calendar and seasonally adjusted,USA,United States,S1,Total economy,S1,Total economy,B1GQ,Gross domestic product,_Z,Not applicable,_Z,Not applicable,_Z,Not applicable,PC,Percentage change,L,Chain linked volume,G1,"Growth rate, period on period",T0102,Table 0102 - GDP identity from the expenditure side,2024-Q1,,0.209861343,,,,,,F,Free (free for publication),1,One,A,Normal value,0,Units,_Z,Not applicable
DATAFLOW,OECD.SDD.NAD:DSD_NAMAIN1@DF_QNA_EXPENDITURE_GROWTH_OECD(1.1),Quarterly real GDP growth - OECD countries,I,Q,Quarterly,Y,Calendar and seasonally adjusted,ITA,Italy,S1,Total economy,S1,Total economy,B1GQ,Gross domestic product,_Z,Not applicable,_Z,Not applicable,_Z,Not applicable,PC,Percentage change,L,Chain linked volume,G1,"Growth rate, period on period",T0102,Table 0102 - GDP identity from the expenditure side,2026-Q1,,0.165142082,,,,,,F,Free (free for publication),1,One,A,Normal value,0,Units,_Z,Not applicable
DATAFLOW,OECD.SDD.NAD:DSD_NAMAIN1@DF_QNA_EXPENDITURE_GROWTH_OECD(1.1),Quarterly real GDP growth - OECD countries,I,Q,Quarterly,Y,Calendar and seasonally adjusted,ITA,Italy,S1,Total economy,S1,Total economy,B1GQ,Gross domestic product,_Z,Not applicable,_Z,Not applicable,_Z,Not applicable,PC,Percentage change,L,Chain linked volume,G1,"Growth rate, period on period",T0102,Table 0102 - GDP identity from the expenditure side,2025-Q4,,0.327119478,,,,,,F,Free (free for publication),1,One,A,Normal value,0,Units,_Z,Not applicable
DATAFLOW,OECD.SDD.NAD:DSD_NAMAIN1@DF_QNA_EXPENDITURE_GROWTH_OECD(1.1),Quarterly real GDP growth - OECD countries,I,Q,Quarterly,Y,Calendar and seasonally adjusted,ITA,Italy,S1,Total economy,S1,Total economy,B1GQ,Gross domestic product,_Z,Not applicable,_Z,Not applicable,_Z,Not applicable,PC,Percentage change,L,Chain linked volume,G1,"Growth rate, period on period",T0102,Table 0102 - GDP identity from the expenditure side,2025-Q3,,0.220142313,,,,,,F,Free (free for publication),1,One,A,Normal value,0,Units,_Z,Not applicable
DATAFLOW,OECD.SDD.NAD:DSD_NAMAIN1@DF_QNA_EXPENDITURE_GROWTH_OECD(1.1),Quarterly real GDP growth - OECD countries,I,Q,Quarterly,Y,Calendar and seasonally adjusted,ITA,Italy,S1,Total economy,S1,Total economy,B1GQ,Gross domestic product,_Z,Not applicable,_Z,Not applicable,_Z,Not applicable,PC,Percentage change,L,Chain linked volume,G1,"Growth rate, period on period",T0102,Table 0102 - GDP identity from the expenditure side,2025-Q2,,0.031558687,,,,,,F,Free (free for publication),1,One,A,Normal value,0,Units,_Z,Not applicable
DATAFLOW,OECD.SDD.NAD:DSD_NAMAIN1@DF_QNA_EXPENDITURE_GROWTH_OECD(1.1),Quarterly real GDP growth - OECD countries,I,Q,Quarterly,Y,Calendar and seasonally adjusted,ITA,Italy,S1,Total economy,S1,Total economy,B1GQ,Gross domestic product,_Z,Not applicable,_Z,Not applicable,_Z,Not applicable,PC,Percentage change,L,Chain linked volume,G1,"Growth rate, period on period",T0102,Table 0102 - GDP identity from the expenditure side,2025-Q1,,0.306842027,,,,,,F,Free (free for publication),1,One,A,Normal value,0,Units,_Z,Not applicable
DATAFLOW,OECD.SDD.NAD:DSD_NAMAIN1@DF_QNA_EXPENDITURE_GROWTH_OECD(1.1),Quarterly real GDP growth - OECD countries,I,Q,Quarterly,Y,Calendar and seasonally adjusted,ITA,Italy,S1,Total economy,S1,Total economy,B1GQ,Gross domestic product,_Z,Not applicable,_Z,Not applicable,_Z,Not applicable,PC,Percentage change,L,Chain linked volume,G1,"Growth rate, period on period",T0102,Table 0102 - GDP identity from the expenditure side,2024-Q4,,0.12208966,,,,,,F,Free (free for publication),1,One,A,Normal value,0,Units,_Z,Not applicable
DATAFLOW,OECD.SDD.NAD:DSD_NAMAIN1@DF_QNA_EXPENDITURE_GROWTH_OECD(1.1),Quarterly real GDP growth - OECD countries,I,Q,Quarterly,Y,Calendar and seasonally adjusted,ITA,Italy,S1,Total economy,S1,Total economy,B1GQ,Gross domestic product,_Z,Not applicable,_Z,Not applicable,_Z,Not applicable,PC,Percentage change,L,Chain linked volume,G1,"Growth rate, period on period",T0102,Table 0102 - GDP identity from the expenditure side,2024-Q3,,-0.021943655,,,,,,F,Free (free for publication),1,One,A,Normal value,0,Units,_Z,Not applicable
DATAFLOW,OECD.SDD.NAD:DSD_NAMAIN1@DF_QNA_EXPENDITURE_GROWTH_OECD(1.1),Quarterly real GDP growth - OECD countries,I,Q,Quarterly,Y,Calendar and seasonally adjusted,ITA,Italy,S1,Total economy,S1,Total economy,B1GQ,Gross domestic product,_Z,Not applicable,_Z,Not applicable,_Z,Not applicable,PC,Percentage change,L,Chain linked volume,G1,"Growth rate, period on period",T0102,Table 0102 - GDP identity from the expenditure side,2024-Q2,,0.23623947,,,,,,F,Free (free for publication),1,One,A,Normal value,0,Units,_Z,Not applicable
DATAFLOW,OECD.SDD.NAD:DSD_NAMAIN1@DF_QNA_EXPENDITURE_GROWTH_OECD(1.1),Quarterly real GDP growth - OECD countries,I,Q,Quarterly,Y,Calendar and seasonally adjusted,ITA,Italy,S1,Total economy,S1,Total economy,B1GQ,Gross domestic product,_Z,Not applicable,_Z,Not applicable,_Z,Not applicable,PC,Percentage change,L,Chain linked volume,G1,"Growth rate, period on period",T0102,Table 0102 - GDP identity from the expenditure side,2024-Q1,,0.08007967,,,,,,F,Free (free for publication),1,One,A,Normal value,0,Units,_Z,Not applicable
DATAFLOW,OECD.SDD.NAD:DSD_NAMAIN1@DF_QNA_EXPENDITURE_GROWTH_OECD(1.1),Quarterly real GDP growth - OECD countries,I,Q,Quarterly,Y,Calendar and seasonally adjusted,EU,European Union,S1,Total economy,S1,Total economy,B1GQ,Gross domestic product,_Z,Not applicable,_Z,Not applicable,_Z,Not applicable,PC,Percentage change,L,Chain linked volume,G1,"Growth rate, period on period",T0102,Table 0102 - GDP identity from the expenditure side,2025-Q4,,0.226097,,,,,,F,Free (free for publication),1,One,A,Normal value,0,Units,_Z,Not applicable
DATAFLOW,OECD.SDD.NAD:DSD_NAMAIN1@DF_QNA_EXPENDITURE_GROWTH_OECD(1.1),Quarterly real GDP growth - OECD countries,I,Q,Quarterly,Y,Calendar and seasonally adjusted,EU,European Union,S1,Total economy,S1,Total economy,B1GQ,Gross domestic product,_Z,Not applicable,_Z,Not applicable,_Z,Not applicable,PC,Percentage change,L,Chain linked volume,G1,"Growth rate, period on period",T0102,Table 0102 - GDP identity from the expenditure side,2026-Q1,,0.153301,,,,,,F,Free (free for publication),1,One,A,Normal value,0,Units,_Z,Not applicable
DATAFLOW,OECD.SDD.NAD:DSD_NAMAIN1@DF_QNA_EXPENDITURE_GROWTH_OECD(1.1),Quarterly real GDP growth - OECD countries,I,Q,Quarterly,Y,Calendar and seasonally adjusted,GBR,United Kingdom,S1,Total economy,S1,Total economy,B1GQ,Gross domestic product,_Z,Not applicable,_Z,Not applicable,_Z,Not applicable,PC,Percentage change,L,Chain linked volume,G1,"Growth rate, period on period",T0102,Table 0102 - GDP identity from the expenditure side,2026-Q1,,0.628916573,,,,,,F,Free (free for publication),1,One,A,Normal value,0,Units,_Z,Not applicable
DATAFLOW,OECD.SDD.NAD:DSD_NAMAIN1@DF_QNA_EXPENDITURE_GROWTH_OECD(1.1),Quarterly real GDP growth - OECD countries,I,Q,Quarterly,Y,Calendar and seasonally adjusted,GBR,United Kingdom,S1,Total economy,S1,Total economy,B1GQ,Gross domestic product,_Z,Not applicable,_Z,Not applicable,_Z,Not applicable,PC,Percentage change,L,Chain linked volume,G1,"Growth rate, period on period",T0102,Table 0102 - GDP identity from the expenditure side,2025-Q4,,0.156660258,,,,,,F,Free (free for publication),1,One,A,Normal value,0,Units,_Z,Not applicable
DATAFLOW,OECD.SDD.NAD:DSD_NAMAIN1@DF_QNA_EXPENDITURE_GROWTH_OECD(1.1),Quarterly real GDP growth - OECD countries,I,Q,Quarterly,Y,Calendar and seasonally adjusted,GBR,United Kingdom,S1,Total economy,S1,Total economy,B1GQ,Gross domestic product,_Z,Not applicable,_Z,Not applicable,_Z,Not applicable,PC,Percentage change,L,Chain linked volume,G1,"Growth rate, period on period",T0102,Table 0102 - GDP identity from the expenditure side,2025-Q3,,0.162168456,,,,,,F,Free (free for publication),1,One,A,Normal value,0,Units,_Z,Not applicable
DATAFLOW,OECD.SDD.NAD:DSD_NAMAIN1@DF_QNA_EXPENDITURE_GROWTH_OECD(1.1),Quarterly real GDP growth - OECD countries,I,Q,Quarterly,Y,Calendar and seasonally adjusted,GBR,United Kingdom,S1,Total economy,S1,Total economy,B1GQ,Gross domestic product,_Z,Not applicable,_Z,Not applicable,_Z,Not applicable,PC,Percentage change,L,Chain linked volume,G1,"Growth rate, period on period",T0102,Table 0102 - GDP identity from the expenditure side,2025-Q2,,0.140496972,,,,,,F,Free (free for publication),1,One,A,Normal value,0,Units,_Z,Not applicable
DATAFLOW,OECD.SDD.NAD:DSD_NAMAIN1@DF_QNA_EXPENDITURE_GROWTH_OECD(1.1),Quarterly real GDP growth - OECD countries,I,Q,Quarterly,Y,Calendar and seasonally adjusted,CAN,Canada,S1,Total economy,S1,Total economy,B1GQ,Gross domestic product,_Z,Not applicable,_Z,Not applicable,_Z,Not applicable,PC,Percentage change,L,Chain linked volume,G1,"Growth rate, period on period",T0102,Table 0102 - GDP identity from the expenditure side,2026-Q1,,0.400013588,,,,,,F,Free (free for publication),1,One,P,Provisional value,0,Units,_Z,Not applicable
DATAFLOW,OECD.SDD.NAD:DSD_NAMAIN1@DF_QNA_EXPENDITURE_GROWTH_OECD(1.1),Quarterly real GDP growth - OECD countries,I,Q,Quarterly,Y,Calendar and seasonally adjusted,G7,G7,S1,Total economy,S1,Total economy,B1GQ,Gross domestic product,_Z,Not applicable,_Z,Not applicable,_Z,Not applicable,PC,Percentage change,L,Chain linked volume,G1,"Growth rate, period on period",T0102,Table 0102 - GDP identity from the expenditure side,2026-Q1,,0.428421,,,,,,F,Free (free for publication),1,One,A,Normal value,0,Units,_Z,Not applicable
DATAFLOW,OECD.SDD.NAD:DSD_NAMAIN1@DF_QNA_EXPENDITURE_GROWTH_OECD(1.1),Quarterly real GDP growth - OECD countries,I,Q,Quarterly,Y,Calendar and seasonally adjusted,G7,G7,S1,Total economy,S1,Total economy,B1GQ,Gross domestic product,_Z,Not applicable,_Z,Not applicable,_Z,Not applicable,PC,Percentage change,L,Chain linked volume,G1,"Growth rate, period on period",T0102,Table 0102 - GDP identity from the expenditure side,2025-Q4,,0.152928,,,,,,F,Free (free for publication),1,One,A,Normal value,0,Units,_Z,Not applicable
DATAFLOW,OECD.SDD.NAD:DSD_NAMAIN1@DF_QNA_EXPENDITURE_GROWTH_OECD(1.1),Quarterly real GDP growth - OECD countries,I,Q,Quarterly,Y,Calendar and seasonally adjusted,FRA,France,S1,Total economy,S1,Total economy,B1GQ,Gross domestic product,_Z,Not applicable,_Z,Not applicable,_Z,Not applicable,PC,Percentage change,L,Chain linked volume,G1,"Growth rate, period on period",T0102,Table 0102 - GDP identity from the expenditure side,2025-Q2,,0.351011941,,,,,,F,Free (free for publication),1,One,A,Normal value,0,Units,_Z,Not applicable
DATAFLOW,OECD.SDD.NAD:DSD_NAMAIN1@DF_QNA_EXPENDITURE_GROWTH_OECD(1.1),Quarterly real GDP growth - OECD countries,I,Q,Quarterly,Y,Calendar and seasonally adjusted,FRA,France,S1,Total economy,S1,Total economy,B1GQ,Gross domestic product,_Z,Not applicable,_Z,Not applicable,_Z,Not applicable,PC,Percentage change,L,Chain linked volume,G1,"Growth rate, period on period",T0102,Table 0102 - GDP identity from the expenditure side,2025-Q1,,0.181929303,,,,,,F,Free (free for publication),1,One,A,Normal value,0,Units,_Z,Not applicable
DATAFLOW,OECD.SDD.NAD:DSD_NAMAIN1@DF_QNA_EXPENDITURE_GROWTH_OECD(1.1),Quarterly real GDP growth - OECD countries,I,Q,Quarterly,Y,Calendar and seasonally adjusted,FRA,France,S1,Total economy,S1,Total economy,B1GQ,Gross domestic product,_Z,Not applicable,_Z,Not applicable,_Z,Not applicable,PC,Percentage change,L,Chain linked volume,G1,"Growth rate, period on period",T0102,Table 0102 - GDP identity from the expenditure side,2024-Q4,,-0.068831174,,,,,,F,Free (free for publication),1,One,A,Normal value,0,Units,_Z,Not applicable
DATAFLOW,OECD.SDD.NAD:DSD_NAMAIN1@DF_QNA_EXPENDITURE_GROWTH_OECD(1.1),Quarterly real GDP growth - OECD countries,I,Q,Quarterly,Y,Calendar and seasonally adjusted,FRA,France,S1,Total economy,S1,Total economy,B1GQ,Gross domestic product,_Z,Not applicable,_Z,Not applicable,_Z,Not applicable,PC,Percentage change,L,Chain linked volume,G1,"Growth rate, period on period",T0102,Table 0102 - GDP identity from the expenditure side,2024-Q3,,0.324992931,,,,,,F,Free (free for publication),1,One,A,Normal value,0,Units,_Z,Not applicable
DATAFLOW,OECD.SDD.NAD:DSD_NAMAIN1@DF_QNA_EXPENDITURE_GROWTH_OECD(1.1),Quarterly real GDP growth - OECD countries,I,Q,Quarterly,Y,Calendar and seasonally adjusted,FRA,France,S1,Total economy,S1,Total economy,B1GQ,Gross domestic product,_Z,Not applicable,_Z,Not applicable,_Z,Not applicable,PC,Percentage change,L,Chain linked volume,G1,"Growth rate, period on period",T0102,Table 0102 - GDP identity from the expenditure side,2024-Q2,,0.201411508,,,,,,F,Free (free for publication),1,One,A,Normal value,0,Units,_Z,Not applicable
DATAFLOW,OECD.SDD.NAD:DSD_NAMAIN1@DF_QNA_EXPENDITURE_GROWTH_OECD(1.1),Quarterly real GDP growth - OECD countries,I,Q,Quarterly,Y,Calendar and seasonally adjusted,FRA,France,S1,Total economy,S1,Total economy,B1GQ,Gross domestic product,_Z,Not applicable,_Z,Not applicable,_Z,Not applicable,PC,Percentage change,L,Chain linked volume,G1,"Growth rate, period on period",T0102,Table 0102 - GDP identity from the expenditure side,2024-Q1,,0.165199042,,,,,,F,Free (free for publication),1,One,A,Normal value,0,Units,_Z,Not applicable
DATAFLOW,OECD.SDD.NAD:DSD_NAMAIN1@DF_QNA_EXPENDITURE_GROWTH_OECD(1.1),Quarterly real GDP growth - OECD countries,I,Q,Quarterly,Y,Calendar and seasonally adjusted,GBR,United Kingdom,S1,Total economy,S1,Total economy,B1GQ,Gross domestic product,_Z,Not applicable,_Z,Not applicable,_Z,Not applicable,PC,Percentage change,L,Chain linked volume,G1,"Growth rate, period on period",T0102,Table 0102 - GDP identity from the expenditure side,2024-Q3,,0.197607979,,,,,,F,Free (free for publication),1,One,A,Normal value,0,Units,_Z,Not applicable
DATAFLOW,OECD.SDD.NAD:DSD_NAMAIN1@DF_QNA_EXPENDITURE_GROWTH_OECD(1.1),Quarterly real GDP growth - OECD countries,I,Q,Quarterly,Y,Calendar and seasonally adjusted,GBR,United Kingdom,S1,Total economy,S1,Total economy,B1GQ,Gross domestic product,_Z,Not applicable,_Z,Not applicable,_Z,Not applicable,PC,Percentage change,L,Chain linked volume,G1,"Growth rate, period on period",T0102,Table 0102 - GDP identity from the expenditure side,2024-Q2,,0.608886411,,,,,,F,Free (free for publication),1,One,A,Normal value,0,Units,_Z,Not applicable
DATAFLOW,OECD.SDD.NAD:DSD_NAMAIN1@DF_QNA_EXPENDITURE_GROWTH_OECD(1.1),Quarterly real GDP growth - OECD countries,I,Q,Quarterly,Y,Calendar and seasonally adjusted,EU,European Union,S1,Total economy,S1,Total economy,B1GQ,Gross domestic product,_Z,Not applicable,_Z,Not applicable,_Z,Not applicable,PC,Percentage change,L,Chain linked volume,G1,"Growth rate, period on period",T0102,Table 0102 - GDP identity from the expenditure side,2024-Q1,,0.370654,,,,,,F,Free (free for publication),1,One,A,Normal value,0,Units,_Z,Not applicable
DATAFLOW,OECD.SDD.NAD:DSD_NAMAIN1@DF_QNA_EXPENDITURE_GROWTH_OECD(1.1),Quarterly real GDP growth - OECD countries,I,Q,Quarterly,Y,Calendar and seasonally adjusted,FRA,France,S1,Total economy,S1,Total economy,B1GQ,Gross domestic product,_Z,Not applicable,_Z,Not applicable,_Z,Not applicable,PC,Percentage change,L,Chain linked volume,G1,"Growth rate, period on period",T0102,Table 0102 - GDP identity from the expenditure side,2026-Q1,,-0.004962189,,,,,,F,Free (free for publication),1,One,A,Normal value,0,Units,_Z,Not applicable
DATAFLOW,OECD.SDD.NAD:DSD_NAMAIN1@DF_QNA_EXPENDITURE_GROWTH_OECD(1.1),Quarterly real GDP growth - OECD countries,I,Q,Quarterly,Y,Calendar and seasonally adjusted,FRA,France,S1,Total economy,S1,Total economy,B1GQ,Gross domestic product,_Z,Not applicable,_Z,Not applicable,_Z,Not applicable,PC,Percentage change,L,Chain linked volume,G1,"Growth rate, period on period",T0102,Table 0102 - GDP identity from the expenditure side,2025-Q4,,0.210210315,,,,,,F,Free (free for publication),1,One,A,Normal value,0,Units,_Z,Not applicable
DATAFLOW,OECD.SDD.NAD:DSD_NAMAIN1@DF_QNA_EXPENDITURE_GROWTH_OECD(1.1),Quarterly real GDP growth - OECD countries,I,Q,Quarterly,Y,Calendar and seasonally adjusted,FRA,France,S1,Total economy,S1,Total economy,B1GQ,Gross domestic product,_Z,Not applicable,_Z,Not applicable,_Z,Not applicable,PC,Percentage change,L,Chain linked volume,G1,"Growth rate, period on period",T0102,Table 0102 - GDP identity from the expenditure side,2025-Q3,,0.554107346,,,,,,F,Free (free for publication),1,One,A,Normal value,0,Units,_Z,Not applicable
DATAFLOW,OECD.SDD.NAD:DSD_NAMAIN1@DF_QNA_EXPENDITURE_GROWTH_OECD(1.1),Quarterly real GDP growth - OECD countries,I,Q,Quarterly,Y,Calendar and seasonally adjusted,DEU,Germany,S1,Total economy,S1,Total economy,B1GQ,Gross domestic product,_Z,Not applicable,_Z,Not applicable,_Z,Not applicable,PC,Percentage change,L,Chain linked volume,G1,"Growth rate, period on period",T0102,Table 0102 - GDP identity from the expenditure side,2024-Q2,,-0.258253405,,,,,,F,Free (free for publication),1,One,P,Provisional value,0,Units,_Z,Not applicable
DATAFLOW,OECD.SDD.NAD:DSD_NAMAIN1@DF_QNA_EXPENDITURE_GROWTH_OECD(1.1),Quarterly real GDP growth - OECD countries,I,Q,Quarterly,Y,Calendar and seasonally adjusted,USA,United States,S1,Total economy,S1,Total economy,B1GQ,Gross domestic product,_Z,Not applicable,_Z,Not applicable,_Z,Not applicable,PC,Percentage change,L,Chain linked volume,G1,"Growth rate, period on period",T0102,Table 0102 - GDP identity from the expenditure side,2026-Q1,,0.493761387,,,,,,F,Free (free for publication),1,One,A,Normal value,0,Units,_Z,Not applicable
DATAFLOW,OECD.SDD.NAD:DSD_NAMAIN1@DF_QNA_EXPENDITURE_GROWTH_OECD(1.1),Quarterly real GDP growth - OECD countries,I,Q,Quarterly,Y,Calendar and seasonally adjusted,USA,United States,S1,Total economy,S1,Total economy,B1GQ,Gross domestic product,_Z,Not applicable,_Z,Not applicable,_Z,Not applicable,PC,Percentage change,L,Chain linked volume,G1,"Growth rate, period on period",T0102,Table 0102 - GDP identity from the expenditure side,2025-Q4,,0.120344611,,,,,,F,Free (free for publication),1,One,A,Normal value,0,Units,_Z,Not applicable
DATAFLOW,OECD.SDD.NAD:DSD_NAMAIN1@DF_QNA_EXPENDITURE_GROWTH_OECD(1.1),Quarterly real GDP growth - OECD countries,I,Q,Quarterly,Y,Calendar and seasonally adjusted,USA,United States,S1,Total economy,S1,Total economy,B1GQ,Gross domestic product,_Z,Not applicable,_Z,Not applicable,_Z,Not applicable,PC,Percentage change,L,Chain linked volume,G1,"Growth rate, period on period",T0102,Table 0102 - GDP identity from the expenditure side,2025-Q3,,1.076346213,,,,,,F,Free (free for publication),1,One,A,Normal value,0,Units,_Z,Not applicable
DATAFLOW,OECD.SDD.NAD:DSD_NAMAIN1@DF_QNA_EXPENDITURE_GROWTH_OECD(1.1),Quarterly real GDP growth - OECD countries,I,Q,Quarterly,Y,Calendar and seasonally adjusted,USA,United States,S1,Total economy,S1,Total economy,B1GQ,Gross domestic product,_Z,Not applicable,_Z,Not applicable,_Z,Not applicable,PC,Percentage change,L,Chain linked volume,G1,"Growth rate, period on period",T0102,Table 0102 - GDP identity from the expenditure side,2025-Q2,,0.945999717,,,,,,F,Free (free for publication),1,One,A,Normal value,0,Units,_Z,Not applicable
DATAFLOW,OECD.SDD.NAD:DSD_NAMAIN1@DF_QNA_EXPENDITURE_GROWTH_OECD(1.1),Quarterly real GDP growth - OECD countries,I,Q,Quarterly,Y,Calendar and seasonally adjusted,DEU,Germany,S1,Total economy,S1,Total economy,B1GQ,Gross domestic product,_Z,Not applicable,_Z,Not applicable,_Z,Not applicable,PC,Percentage change,L,Chain linked volume,G1,"Growth rate, period on period",T0102,Table 0102 - GDP identity from the expenditure side,2025-Q1,,0.373241229,,,,,,F,Free (free for publication),1,One,P,Provisional value,0,Units,_Z,Not applicable
DATAFLOW,OECD.SDD.NAD:DSD_NAMAIN1@DF_QNA_EXPENDITURE_GROWTH_OECD(1.1),Quarterly real GDP growth - OECD countries,I,Q,Quarterly,Y,Calendar and seasonally adjusted,DEU,Germany,S1,Total economy,S1,Total economy,B1GQ,Gross domestic product,_Z,Not applicable,_Z,Not applicable,_Z,Not applicable,PC,Percentage change,L,Chain linked volume,G1,"Growth rate, period on period",T0102,Table 0102 - GDP identity from the expenditure side,2024-Q1,,-0.107481162,,,,,,F,Free (free for publication),1,One,P,Provisional value,0,Units,_Z,Not applicable
DATAFLOW,OECD.SDD.NAD:DSD_NAMAIN1@DF_QNA_EXPENDITURE_GROWTH_OECD(1.1),Quarterly real GDP growth - OECD countries,I,Q,Quarterly,Y,Calendar and seasonally adjusted,DEU,Germany,S1,Total economy,S1,Total economy,B1GQ,Gross domestic product,_Z,Not applicable,_Z,Not applicable,_Z,Not applicable,PC,Percentage change,L,Chain linked volume,G1,"Growth rate, period on period",T0102,Table 0102 - GDP identity from the expenditure side,2025-Q2,,-0.200232366,,,,,,F,Free (free for publication),1,One,P,Provisional value,0,Units,_Z,Not applicable
DATAFLOW,OECD.SDD.NAD:DSD_NAMAIN1@DF_QNA_EXPENDITURE_GROWTH_OECD(1.1),Quarterly real GDP growth - OECD countries,I,Q,Quarterly,Y,Calendar and seasonally adjusted,DEU,Germany,S1,Total economy,S1,Total economy,B1GQ,Gross domestic product,_Z,Not applicable,_Z,Not applicable,_Z,Not applicable,PC,Percentage change,L,Chain linked volume,G1,"Growth rate, period on period",T0102,Table 0102 - GDP identity from the expenditure side,2025-Q4,,0.238931664,,,,,,F,Free (free for publication),1,One,P,Provisional value,0,Units,_Z,Not applicable
DATAFLOW,OECD.SDD.NAD:DSD_NAMAIN1@DF_QNA_EXPENDITURE_GROWTH_OECD(1.1),Quarterly real GDP growth - OECD countries,I,Q,Quarterly,Y,Calendar and seasonally adjusted,JPN,Japan,S1,Total economy,S1,Total economy,B1GQ,Gross domestic product,_Z,Not applicable,_Z,Not applicable,_Z,Not applicable,PC,Percentage change,L,Chain linked volume,G1,"Growth rate, period on period",T0102,Table 0102 - GDP identity from the expenditure side,2025-Q4,,0.209011483,,,,,,F,Free (free for publication),1,One,A,Normal value,0,Units,_Z,Not applicable
DATAFLOW,OECD.SDD.NAD:DSD_NAMAIN1@DF_QNA_EXPENDITURE_GROWTH_OECD(1.1),Quarterly real GDP growth - OECD countries,I,Q,Quarterly,Y,Calendar and seasonally adjusted,JPN,Japan,S1,Total economy,S1,Total economy,B1GQ,Gross domestic product,_Z,Not applicable,_Z,Not applicable,_Z,Not applicable,PC,Percentage change,L,Chain linked volume,G1,"Growth rate, period on period",T0102,Table 0102 - GDP identity from the expenditure side,2025-Q3,,-0.6201616,,,,,,F,Free (free for publication),1,One,A,Normal value,0,Units,_Z,Not applicable
DATAFLOW,OECD.SDD.NAD:DSD_NAMAIN1@DF_QNA_EXPENDITURE_GROWTH_OECD(1.1),Quarterly real GDP growth - OECD countries,I,Q,Quarterly,Y,Calendar and seasonally adjusted,JPN,Japan,S1,Total economy,S1,Total economy,B1GQ,Gross domestic product,_Z,Not applicable,_Z,Not applicable,_Z,Not applicable,PC,Percentage change,L,Chain linked volume,G1,"Growth rate, period on period",T0102,Table 0102 - GDP identity from the expenditure side,2025-Q2,,0.341023015,,,,,,F,Free (free for publication),1,One,A,Normal value,0,Units,_Z,Not applicable
DATAFLOW,OECD.SDD.NAD:DSD_NAMAIN1@DF_QNA_EXPENDITURE_GROWTH_OECD(1.1),Quarterly real GDP growth - OECD countries,I,Q,Quarterly,Y,Calendar and seasonally adjusted,JPN,Japan,S1,Total economy,S1,Total economy,B1GQ,Gross domestic product,_Z,Not applicable,_Z,Not applicable,_Z,Not applicable,PC,Percentage change,L,Chain linked volume,G1,"Growth rate, period on period",T0102,Table 0102 - GDP identity from the expenditure side,2024-Q2,,0.016365538,,,,,,F,Free (free for publication),1,One,A,Normal value,0,Units,_Z,Not applicable
DATAFLOW,OECD.SDD.NAD:DSD_NAMAIN1@DF_QNA_EXPENDITURE_GROWTH_OECD(1.1),Quarterly real GDP growth - OECD countries,I,Q,Quarterly,Y,Calendar and seasonally adjusted,JPN,Japan,S1,Total economy,S1,Total economy,B1GQ,Gross domestic product,_Z,Not applicable,_Z,Not applicable,_Z,Not applicable,PC,Percentage change,L,Chain linked volume,G1,"Growth rate, period on period",T0102,Table 0102 - GDP identity from the expenditure side,2024-Q1,,-0.340810724,,,,,,F,Free (free for publication),1,One,A,Normal value,0,Units,_Z,Not applicable
DATAFLOW,OECD.SDD.NAD:DSD_NAMAIN1@DF_QNA_EXPENDITURE_GROWTH_OECD(1.1),Quarterly real GDP growth - OECD countries,I,Q,Quarterly,Y,Calendar and seasonally adjusted,CAN,Canada,S1,Total economy,S1,Total economy,B1GQ,Gross domestic product,_Z,Not applicable,_Z,Not applicable,_Z,Not applicable,PC,Percentage change,L,Chain linked volume,G1,"Growth rate, period on period",T0102,Table 0102 - GDP identity from the expenditure side,2025-Q1,,0.516974666,,,,,,F,Free (free for publication),1,One,A,Normal value,0,Units,_Z,Not applicable
DATAFLOW,OECD.SDD.NAD:DSD_NAMAIN1@DF_QNA_EXPENDITURE_GROWTH_OECD(1.1),Quarterly real GDP growth - OECD countries,I,Q,Quarterly,Y,Calendar and seasonally adjusted,CAN,Canada,S1,Total economy,S1,Total economy,B1GQ,Gross domestic product,_Z,Not applicable,_Z,Not applicable,_Z,Not applicable,PC,Percentage change,L,Chain linked volume,G1,"Growth rate, period on period",T0102,Table 0102 - GDP identity from the expenditure side,2024-Q4,,0.701430953,,,,,,F,Free (free for publication),1,One,A,Normal value,0,Units,_Z,Not applicable
DATAFLOW,OECD.SDD.NAD:DSD_NAMAIN1@DF_QNA_EXPENDITURE_GROWTH_OECD(1.1),Quarterly real GDP growth - OECD countries,I,Q,Quarterly,Y,Calendar and seasonally adjusted,CAN,Canada,S1,Total economy,S1,Total economy,B1GQ,Gross domestic product,_Z,Not applicable,_Z,Not applicable,_Z,Not applicable,PC,Percentage change,L,Chain linked volume,G1,"Growth rate, period on period",T0102,Table 0102 - GDP identity from the expenditure side,2024-Q3,,0.819154584,,,,,,F,Free (free for publication),1,One,A,Normal value,0,Units,_Z,Not applicable
DATAFLOW,OECD.SDD.NAD:DSD_NAMAIN1@DF_QNA_EXPENDITURE_GROWTH_OECD(1.1),Quarterly real GDP growth - OECD countries,I,Q,Quarterly,Y,Calendar and seasonally adjusted,CAN,Canada,S1,Total economy,S1,Total economy,B1GQ,Gross domestic product,_Z,Not applicable,_Z,Not applicable,_Z,Not applicable,PC,Percentage change,L,Chain linked volume,G1,"Growth rate, period on period",T0102,Table 0102 - GDP identity from the expenditure side,2024-Q2,,0.815991707,,,,,,F,Free (free for publication),1,One,A,Normal value,0,Units,_Z,Not applicable
DATAFLOW,OECD.SDD.NAD:DSD_NAMAIN1@DF_QNA_EXPENDITURE_GROWTH_OECD(1.1),Quarterly real GDP growth - OECD countries,I,Q,Quarterly,Y,Calendar and seasonally adjusted,EU,European Union,S1,Total economy,S1,Total economy,B1GQ,Gross domestic product,_Z,Not applicable,_Z,Not applicable,_Z,Not applicable,PC,Percentage change,L,Chain linked volume,G1,"Growth rate, period on period",T0102,Table 0102 - GDP identity from the expenditure side,2025-Q1,,0.511912,,,,,,F,Free (free for publication),1,One,A,Normal value,0,Units,_Z,Not applicable
DATAFLOW,OECD.SDD.NAD:DSD_NAMAIN1@DF_QNA_EXPENDITURE_GROWTH_OECD(1.1),Quarterly real GDP growth - OECD countries,I,Q,Quarterly,Y,Calendar and seasonally adjusted,EU,European Union,S1,Total economy,S1,Total economy,B1GQ,Gross domestic product,_Z,Not applicable,_Z,Not applicable,_Z,Not applicable,PC,Percentage change,L,Chain linked volume,G1,"Growth rate, period on period",T0102,Table 0102 - GDP identity from the expenditure side,2024-Q4,,0.485945,,,,,,F,Free (free for publication),1,One,A,Normal value,0,Units,_Z,Not applicable
DATAFLOW,OECD.SDD.NAD:DSD_NAMAIN1@DF_QNA_EXPENDITURE_GROWTH_OECD(1.1),Quarterly real GDP growth - OECD countries,I,Q,Quarterly,Y,Calendar and seasonally adjusted,EU,European Union,S1,Total economy,S1,Total economy,B1GQ,Gross domestic product,_Z,Not applicable,_Z,Not applicable,_Z,Not applicable,PC,Percentage change,L,Chain linked volume,G1,"Growth rate, period on period",T0102,Table 0102 - GDP identity from the expenditure side,2024-Q3,,0.425346,,,,,,F,Free (free for publication),1,One,A,Normal value,0,Units,_Z,Not applicable
DATAFLOW,OECD.SDD.NAD:DSD_NAMAIN1@DF_QNA_EXPENDITURE_GROWTH_OECD(1.1),Quarterly real GDP growth - OECD countries,I,Q,Quarterly,Y,Calendar and seasonally adjusted,EU,European Union,S1,Total economy,S1,Total economy,B1GQ,Gross domestic product,_Z,Not applicable,_Z,Not applicable,_Z,Not applicable,PC,Percentage change,L,Chain linked volume,G1,"Growth rate, period on period",T0102,Table 0102 - GDP identity from the expenditure side,2024-Q2,,0.254467,,,,,,F,Free (free for publication),1,One,A,Normal value,0,Units,_Z,Not applicable
DATAFLOW,OECD.SDD.NAD:DSD_NAMAIN1@DF_QNA_EXPENDITURE_GROWTH_OECD(1.1),Quarterly real GDP growth - OECD countries,I,Q,Quarterly,Y,Calendar and seasonally adjusted,OECD,OECD,S1,Total economy,S1,Total economy,B1GQ,Gross domestic product,_Z,Not applicable,_Z,Not applicable,_Z,Not applicable,PC,Percentage change,L,Chain linked volume,G1,"Growth rate, period on period",T0102,Table 0102 - GDP identity from the expenditure side,2025-Q4,,0.218163854,,,,,,F,Free (free for publication),1,One,A,Normal value,0,Units,_Z,Not applicable
DATAFLOW,OECD.SDD.NAD:DSD_NAMAIN1@DF_QNA_EXPENDITURE_GROWTH_OECD(1.1),Quarterly real GDP growth - OECD countries,I,Q,Quarterly,Y,Calendar and seasonally adjusted,OECD,OECD,S1,Total economy,S1,Total economy,B1GQ,Gross domestic product,_Z,Not applicable,_Z,Not applicable,_Z,Not applicable,PC,Percentage change,L,Chain linked volume,G1,"Growth rate, period on period",T0102,Table 0102 - GDP identity from the expenditure side,2025-Q3,,0.620900808,,,,,,F,Free (free for publication),1,One,A,Normal value,0,Units,_Z,Not applicable
DATAFLOW,OECD.SDD.NAD:DSD_NAMAIN1@DF_QNA_EXPENDITURE_GROWTH_OECD(1.1),Quarterly real GDP growth - OECD countries,I,Q,Quarterly,Y,Calendar and seasonally adjusted,OECD,OECD,S1,Total economy,S1,Total economy,B1GQ,Gross domestic product,_Z,Not applicable,_Z,Not applicable,_Z,Not applicable,PC,Percentage change,L,Chain linked volume,G1,"Growth rate, period on period",T0102,Table 0102 - GDP identity from the expenditure side,2025-Q2,,0.550132578,,,,,,F,Free (free for publication),1,One,A,Normal value,0,Units,_Z,Not applicable
DATAFLOW,OECD.SDD.NAD:DSD_NAMAIN1@DF_QNA_EXPENDITURE_GROWTH_OECD(1.1),Quarterly real GDP growth - OECD countries,I,Q,Quarterly,Y,Calendar and seasonally adjusted,OECD,OECD,S1,Total economy,S1,Total economy,B1GQ,Gross domestic product,_Z,Not applicable,_Z,Not applicable,_Z,Not applicable,PC,Percentage change,L,Chain linked volume,G1,"Growth rate, period on period",T0102,Table 0102 - GDP identity from the expenditure side,2025-Q1,,0.280584566,,,,,,F,Free (free for publication),1,One,A,Normal value,0,Units,_Z,Not applicable
